sex,age,education_level,education_years,weekly_hours,monthly_income
1,59.0,2,6,66,8600
1,19.0,7,13,36,38700
1,39.0,3,9,25,7310
1,51.0,3,9,77,6000
1,44.0,7,16,40,18000
1,24.0,7,16,36,3440
1,25.0,3,9,60,10750
1,47.0,3,9,48,7740
1,31.0,7,17,45,25800
1,50.0,2,6,60,8600
1,27.0,3,9,50,7740
2,37.0,2,6,25,5375
1,50.0,3,9,48,9030
2,18.0,4,12,60,5160
2,46.0,3,9,46,7000
2,50.0,7,18,40,10000
2,29.0,3,9,2,645
2,41.0,7,16,40,14000
1,18.0,3,8,12,3440
1,29.0,4,12,40,10750
1,51.0,3,9,56,3655
1,56.0,3,9,16,30000
2,46.0,3,9,42,5160
1,37.0,4,11,70,15000
2,44.0,3,9,48,9030
1,50.0,3,9,48,7740
2,30.0,7,17,40,10000
1,18.0,4,11,35,8600
1,21.0,4,12,48,9890
1,36.0,6,15,48,9890
1,37.0,7,17,45,24000
1,33.0,9,19,36,20000
2,26.0,3,9,48,5160
1,18.0,3,9,48,10750
1,20.0,3,9,60,10750
1,29.0,7,16,56,15000
1,26.0,7,17,48,6800
1,53.0,3,9,18,7740
2,39.0,2,6,48,5375
1,27.0,7,16,48,7000
1,34.0,4,12,48,8600
1,20.0,2,6,34,6020
2,32.0,7,16,36,9890
1,46.0,7,17,49,50000
2,26.0,7,13,47,7740
2,30.0,2,6,10,4300
2,33.0,7,16,54,16000
1,38.0,3,9,45,15050
2,25.0,4,12,36,5160
1,21.0,7,14,18,3440
2,60.0,2,2,20,3225
2,28.0,7,17,36,12900
2,41.0,7,14,35,7000
1,41.0,4,12,46,12900
2,37.0,3,9,48,7740
1,42.0,4,12,54,21070
1,43.0,3,9,54,5160
2,51.0,2,6,48,8170
2,44.0,4,12,48,6450
2,19.0,3,8,45,5590
1,25.0,7,17,84,12000
1,29.0,7,17,50,9000
2,60.0,6,12,76,12040
1,55.0,3,9,72,10750
1,21.0,4,12,48,5160
1,57.0,7,16,25,16000
1,26.0,7,17,48,10750
1,44.0,2,6,55,12040
1,23.0,3,9,72,10320
1,31.0,4,12,46,8600
1,49.0,2,3,60,15480
1,21.0,4,12,48,8471
1,58.0,2,6,46,30100
2,53.0,2,6,51,8600
1,36.0,4,12,48,68800
2,28.0,3,9,13,1720
1,64.0,7,17,18,20210
2,31.0,7,17,20,17200
1,48.0,2,6,50,10750
1,42.0,7,17,45,40000
2,20.0,7,14,40,7740
2,18.0,3,8,18,1290
2,50.0,3,9,7,860
1,39.0,2,6,45,12900
1,28.0,7,15,10,8600
2,26.0,7,16,48,13600
2,40.0,4,12,50,13000
1,18.0,4,10,9,1290
1,18.0,3,9,54,12900
1,22.0,4,12,50,12040
2,25.0,7,16,66,6000
2,56.0,7,16,44,22000
1,39.0,3,9,42,10750
1,38.0,4,12,59,8600
2,54.0,4,12,55,9800
1,39.0,7,17,50,14000
1,51.0,7,14,8,9460
1,42.0,7,17,32,10000
1,31.0,2,3,40,8000
1,22.0,7,15,45,6450
1,65.0,3,9,48,21500
1,30.0,4,12,60,6450
2,34.0,3,9,48,6000
1,52.0,7,16,45,17200
1,58.0,4,11,37,6020
1,24.0,2,6,48,9030
1,34.0,7,17,40,12000
2,40.0,7,16,60,16000
1,61.0,2,6,48,7740
2,31.0,4,12,45,7740
1,49.0,7,16,84,6000
1,34.0,3,9,40,7740
2,24.0,4,12,40,11600
2,40.0,3,9,28,8600
1,30.0,3,9,44,6250
2,25.0,7,16,45,12900
1,21.0,3,9,48,9890
1,29.0,3,9,96,7740
1,53.0,2,6,36,2000
2,33.0,8,18,40,36000
1,40.0,2,6,36,6450
1,29.0,4,12,72,12000
1,30.0,3,9,48,6880
1,45.0,3,9,24,3225
2,50.0,4,11,30,6450
1,22.0,4,12,50,9460
1,22.0,2,5,54,7310
1,28.0,2,3,40,12040
2,26.0,4,12,48,4300
1,47.0,2,3,45,19350
2,21.0,7,13,47,9600
1,36.0,3,9,72,12900
2,54.0,7,16,40,150000
2,39.0,3,9,12,860
2,36.0,2,6,48,5160
1,30.0,4,12,52,8600
1,47.0,2,4,55,6450
2,48.0,3,9,50,8170
1,43.0,4,12,60,8600
1,21.0,7,14,36,6450
2,57.0,7,17,60,7200
1,45.0,7,16,24,17200
1,23.0,4,12,45,3400
1,22.0,7,15,42,10750
1,36.0,7,16,30,70000
1,47.0,2,6,60,8600
1,26.0,7,15,40,9030
1,45.0,4,12,60,5375
1,26.0,4,12,46,8600
1,47.0,3,9,60,5160
1,29.0,7,17,40,10000
1,25.0,4,12,40,8600
1,37.0,4,12,72,8000
1,40.0,0,0,48,5590
2,47.0,4,11,30,4300
1,24.0,4,12,48,7600
2,31.0,6,15,48,11000
1,51.0,3,9,48,6000
2,65.0,0,0,8,2236
1,60.0,2,6,60,4300
1,50.0,7,16,29,25000
1,39.0,3,9,44,7310
1,22.0,4,12,6,2580
1,31.0,7,16,64,13760
2,50.0,4,12,48,6450
1,57.0,4,12,48,13760
2,43.0,3,9,56,1290
1,35.0,4,12,44,21500
2,53.0,7,17,20,13000
2,35.0,4,12,63,7000
1,52.0,3,9,48,3440
1,40.0,2,6,50,12040
1,55.0,2,6,60,7740
2,40.0,7,17,36,4300
2,40.0,3,9,40,6880
2,30.0,7,17,24,6880
1,23.0,2,6,72,12040
2,62.0,2,6,40,6450
1,42.0,2,6,50,6450
1,39.0,3,9,51,6880
1,31.0,3,9,32,15050
1,36.0,4,12,48,8600
2,54.0,3,9,42,3000
2,41.0,2,6,84,9000
2,31.0,6,12,48,22000
2,40.0,4,12,48,8000
1,24.0,7,17,40,10320
2,49.0,3,9,47,8600
2,29.0,4,10,16,1892
1,19.0,7,13,14,645
1,23.0,4,12,45,13330
1,27.0,7,17,8,4300
2,43.0,2,6,54,10750
1,32.0,4,12,24,17200
1,36.0,4,12,48,15050
1,39.0,3,9,47,10320
1,50.0,4,12,58,11700
1,31.0,7,14,31,15050
1,23.0,4,10,45,9030
2,33.0,4,12,48,4300
2,49.0,7,17,37,23650
2,57.0,4,12,25,8000
1,40.0,4,12,36,6450
1,44.0,3,9,48,11200
1,37.0,6,14,45,14534
1,51.0,7,17,42,20000
2,56.0,9,20,25,8000
2,23.0,7,17,8,2580
2,28.0,7,17,40,16000
1,45.0,7,17,70,58050
2,40.0,6,12,50,6450
2,27.0,7,16,50,14000
1,32.0,4,11,47,10320
1,34.0,4,12,45,10320
2,37.0,3,9,40,10320
1,56.0,3,9,15,7740
1,32.0,2,6,48,7310
1,22.0,4,12,45,10750
2,42.0,7,16,40,19000
1,29.0,4,12,36,5590
2,51.0,2,6,60,7740
1,19.0,3,9,60,12900
2,52.0,3,9,18,2150
1,28.0,7,17,32,9000
2,62.0,6,12,40,14000
2,31.0,3,9,54,13760
1,46.0,3,9,20,12000
1,51.0,3,9,40,12000
1,37.0,7,17,30,20000
1,25.0,7,16,48,4300
2,33.0,3,9,25,4300
1,44.0,3,8,63,12000
1,60.0,2,4,60,10320
2,44.0,3,9,35,10000
1,27.0,6,12,45,15480
1,19.0,4,11,54,12900
1,41.0,4,12,16,2150
1,31.0,7,16,40,7525
1,22.0,4,12,48,7310
1,29.0,3,9,48,8000
2,52.0,3,9,36,6020
1,25.0,4,12,60,12900
2,56.0,4,12,30,17200
1,21.0,3,9,24,5160
1,33.0,4,12,48,9000
2,28.0,3,9,48,9460
2,33.0,7,16,40,8815
1,60.0,2,4,39,1000
1,50.0,2,6,66,10750
1,37.0,3,9,48,13760
1,36.0,7,17,25,13000
1,63.0,2,1,20,4300
2,42.0,8,18,50,50000
1,22.0,4,12,48,21500
1,31.0,2,6,40,5590
2,37.0,2,6,47,6880
2,33.0,7,17,30,15000
1,21.0,3,7,54,6020
2,31.0,4,11,48,6450
2,52.0,7,17,40,34000
1,27.0,4,11,46,6020
2,54.0,4,12,40,7600
1,48.0,2,6,50,12900
2,29.0,7,17,64,1000
2,33.0,8,19,45,41400
1,60.0,2,6,48,8000
2,47.0,6,12,40,12000
1,22.0,7,15,45,10750
2,60.0,3,9,48,6800
2,43.0,7,15,40,16000
1,34.0,7,15,55,7000
1,42.0,2,6,48,11610
2,35.0,7,16,48,10750
1,50.0,4,12,48,8600
1,64.0,2,3,48,6450
2,25.0,7,16,25,13500
2,60.0,3,9,54,6000
1,37.0,4,12,45,17200
1,46.0,7,17,48,16000
2,28.0,7,17,30,12400
2,41.0,4,12,40,18000
2,56.0,6,11,84,10750
2,21.0,7,13,16,2580
2,37.0,2,6,54,5160
1,18.0,4,12,40,11180
1,19.0,4,12,51,5160
1,45.0,3,9,48,8600
2,46.0,2,6,25,4300
2,52.0,3,9,6,1290
1,59.0,4,12,52,10750
1,29.0,3,9,60,11490
1,61.0,6,12,60,10000
1,31.0,7,13,55,5160
2,27.0,7,17,48,16000
2,62.0,7,16,6,7740
2,27.0,3,9,30,5160
1,31.0,3,9,48,21500
1,21.0,4,12,54,15050
2,37.0,3,9,84,1290
2,46.0,4,11,49,10750
1,43.0,7,17,48,14000
1,50.0,3,9,49,8600
1,44.0,2,4,48,6450
2,46.0,2,6,42,8600
2,36.0,7,16,47,36000
1,59.0,2,6,28,8600
1,41.0,2,2,40,4300
1,26.0,3,9,45,7740
1,22.0,4,12,48,7740
2,43.0,7,17,48,12900
1,18.0,4,11,48,3500
2,37.0,7,17,30,12900
1,30.0,7,17,40,14000
2,42.0,2,6,36,4300
1,19.0,3,9,48,8000
2,27.0,7,17,40,12000
1,34.0,4,12,24,7740
1,36.0,2,2,45,13760
1,32.0,7,16,48,7600
1,23.0,7,14,28,10000
2,48.0,3,9,13,3010
2,55.0,2,6,24,3440
1,53.0,4,12,45,15050
2,19.0,3,9,48,6450
2,39.0,3,9,20,3440
1,41.0,7,18,40,17500
1,29.0,2,6,63,5160
1,49.0,7,17,42,9000
1,55.0,2,6,60,30100
2,30.0,7,17,48,14000
2,55.0,3,9,48,9460
1,30.0,7,13,48,10750
2,23.0,4,11,60,16592
2,48.0,2,6,36,5160
2,65.0,3,8,49,2150
2,21.0,7,15,36,8600
1,53.0,7,17,48,10000
2,33.0,4,12,36,18000
2,62.0,2,6,14,1720
2,53.0,3,9,16,1720
1,22.0,4,12,40,6880
2,48.0,7,16,44,16000
2,33.0,7,17,15,2580
2,26.0,6,12,36,12000
2,36.0,3,9,45,7310
1,53.0,7,17,98,20000
1,51.0,4,12,30,8600
1,32.0,2,6,50,7740
2,38.0,7,17,54,10750
1,42.0,7,17,84,16000
2,56.0,3,9,48,8772
1,52.0,2,6,30,5375
2,53.0,7,17,48,25000
1,23.0,4,12,45,12040
2,22.0,4,11,48,17200
2,46.0,3,9,48,4730
2,58.0,0,0,20,4300
1,48.0,3,8,45,12900
2,29.0,3,9,42,8000
2,40.0,7,17,63,6000
1,28.0,4,12,67,10500
1,48.0,4,12,48,7740
1,42.0,7,17,35,15000
1,54.0,2,6,9,3870
1,33.0,4,10,45,8600
1,56.0,0,0,47,7310
1,59.0,6,11,40,9000
2,58.0,4,12,45,9030
2,35.0,3,9,20,6450
1,22.0,7,14,60,17200
1,26.0,7,17,40,21850
2,57.0,3,9,98,7525
2,51.0,3,9,15,3225
1,60.0,4,10,48,3870
1,54.0,3,7,56,3010
2,24.0,4,12,48,7740
1,46.0,3,9,40,8600
1,42.0,3,9,98,15000
1,32.0,3,9,55,6880
1,35.0,4,12,40,10750
1,44.0,2,6,51,8600
1,31.0,4,12,56,15000
2,37.0,3,9,40,25800
2,38.0,7,16,58,15000
1,23.0,4,11,40,16340
1,19.0,4,11,45,6880
2,55.0,6,11,40,6450
2,43.0,3,9,1,1290
1,52.0,2,6,36,8600
2,29.0,4,12,48,6000
2,36.0,4,12,25,12900
2,46.0,4,12,5,3000
1,26.0,7,16,30,10750
1,36.0,7,14,72,12900
1,54.0,4,12,40,13000
2,61.0,4,12,70,2000
1,19.0,4,12,72,16000
2,23.0,7,16,45,10750
1,51.0,7,16,40,7800
2,33.0,3,9,45,7740
1,52.0,3,8,27,10320
1,38.0,3,7,11,645
2,23.0,4,12,48,12900
2,48.0,2,2,48,3000
1,42.0,2,6,48,8600
2,37.0,4,12,89,10000
2,59.0,2,6,18,6450
1,46.0,3,9,45,6880
2,20.0,7,13,45,6000
1,60.0,3,7,48,24000
1,56.0,2,6,10,8600
2,25.0,7,16,40,18000
1,47.0,3,9,40,13000
1,58.0,1,0,48,6235
1,44.0,7,15,52,18400
1,29.0,7,16,48,9000
1,23.0,3,9,56,7740
2,28.0,7,17,48,12000
2,37.0,7,17,40,16000
1,33.0,4,12,48,9460
1,26.0,2,6,18,2580
2,46.0,6,12,45,6880
1,51.0,3,9,40,8600
1,44.0,2,6,42,8600
2,31.0,7,17,40,10400
2,43.0,2,6,60,6450
2,37.0,4,12,48,7000
1,33.0,8,18,18,7000
1,32.0,4,12,48,9030
2,19.0,4,10,8,3000
1,58.0,3,9,48,7310
1,27.0,4,12,42,5590
2,33.0,2,6,48,10750
2,21.0,7,15,30,3440
1,42.0,2,6,60,9890
1,26.0,7,16,84,16000
2,46.0,4,12,78,12040
2,19.0,4,12,72,5590
2,33.0,3,9,48,12900
1,23.0,3,7,48,5160
2,49.0,2,4,28,300
1,42.0,3,9,42,5676
2,35.0,2,6,48,3870
2,25.0,3,9,45,10750
1,58.0,4,12,48,6192
2,42.0,2,6,48,5160
1,40.0,4,12,36,12900
1,50.0,3,9,30,10750
2,44.0,3,9,66,5160
1,58.0,0,0,42,4000
1,49.0,4,12,50,5357
2,26.0,3,9,36,6000
2,31.0,3,9,48,8170
1,63.0,2,6,56,8600
2,34.0,3,9,40,12900
2,34.0,7,17,25,15000
1,23.0,7,15,48,8000
1,51.0,7,17,30,5000
1,50.0,3,9,48,5160
2,58.0,7,17,25,8000
1,18.0,3,9,54,5375
2,36.0,7,17,40,8600
1,32.0,7,17,48,7740
1,45.0,3,7,48,8600
1,39.0,7,17,39,20000
1,43.0,3,9,45,12900
2,60.0,2,2,60,2580
1,44.0,3,9,40,6450
1,33.0,4,12,40,6000
1,49.0,2,6,40,11610
1,20.0,4,11,48,7310
1,52.0,2,6,24,6450
1,50.0,3,9,45,11180
1,37.0,3,9,44,10320
1,25.0,3,9,48,10750
2,42.0,7,15,45,8600
1,57.0,3,9,35,10000
2,41.0,3,9,45,6800
2,28.0,2,6,12,9030
1,30.0,4,12,18,2580
1,62.0,2,6,48,12900
1,53.0,3,9,52,8600
1,53.0,4,12,48,7740
2,40.0,3,9,42,30000
2,26.0,3,9,21,5160
1,22.0,4,11,50,5160
1,50.0,2,6,48,13760
1,29.0,7,17,27,4000
2,23.0,4,12,48,9000
2,28.0,3,9,48,15050
1,21.0,3,9,54,7740
2,39.0,3,9,52,7740
1,22.0,4,12,48,5160
1,27.0,4,10,45,9890
2,24.0,4,12,44,12900
1,58.0,7,16,30,16000
2,36.0,4,10,54,12000
2,55.0,2,6,40,7000
2,56.0,6,11,48,8380
1,41.0,3,9,45,8600
2,36.0,8,18,45,30000
1,48.0,2,6,92,6600
2,51.0,3,9,18,3870
1,42.0,3,9,84,8600
1,60.0,0,0,27,2580
1,44.0,2,6,44,15050
1,34.0,3,9,72,12900
2,28.0,4,12,24,19350
2,47.0,3,9,35,7740
1,45.0,3,7,42,5160
2,52.0,3,9,56,3440
1,27.0,4,11,42,18000
2,47.0,2,6,45,9460
1,54.0,7,17,48,9890
1,39.0,4,12,45,10922
1,54.0,3,9,51,15050
1,20.0,4,12,54,8600
2,36.0,3,9,48,7740
2,55.0,2,6,56,15000
2,28.0,7,16,40,18000
1,25.0,7,16,48,26660
1,60.0,0,0,28,6020
1,23.0,4,12,48,7740
1,33.0,4,12,25,10750
1,54.0,3,9,48,20640
1,20.0,4,11,45,13000
1,62.0,2,6,24,25800
1,30.0,7,16,28,9150
1,33.0,3,7,40,6450
1,35.0,3,9,45,13500
1,40.0,2,3,50,6880
2,21.0,7,14,40,20000
2,35.0,7,16,48,18000
1,39.0,3,9,48,8170
1,19.0,3,9,16,2580
1,38.0,3,9,48,15910
2,35.0,7,16,40,7600
1,34.0,3,9,48,12900
2,30.0,3,9,48,8600
1,57.0,3,9,84,9000
1,23.0,7,15,4,860
2,26.0,7,14,48,7740
2,33.0,3,9,72,7467
1,61.0,3,9,72,8000
1,35.0,7,17,35,14000
1,44.0,8,18,24,10000
2,37.0,2,6,48,8600
2,37.0,3,9,49,6020
1,47.0,2,6,42,8600
2,29.0,4,12,45,5375
1,18.0,3,7,32,7740
1,18.0,2,6,40,5000
2,51.0,7,17,40,7740
1,47.0,7,13,70,10750
2,38.0,7,16,48,62400
2,57.0,4,12,54,16580
2,19.0,4,12,33,9030
1,26.0,4,12,48,6020
2,23.0,3,9,48,3354
2,30.0,4,10,60,6880
2,52.0,3,9,70,2580
2,50.0,2,6,3,344
2,54.0,2,6,8,1720
1,43.0,7,16,48,6880
1,18.0,4,12,45,5160
2,32.0,7,16,45,12900
2,44.0,6,12,48,8170
1,25.0,4,11,50,27950
1,44.0,7,17,40,16000
1,33.0,4,12,40,6020
1,54.0,2,6,72,5160
2,31.0,3,9,13,12900
2,34.0,7,16,35,5590
2,22.0,7,17,36,15050
1,53.0,7,17,72,8600
1,61.0,4,12,56,6450
1,26.0,7,17,14,5160
1,49.0,7,16,56,15050
2,56.0,5,12,32,20000
1,44.0,4,12,40,11800
1,58.0,3,9,72,4300
1,50.0,6,15,40,10750
1,39.0,4,12,18,12900
2,52.0,7,16,30,15000
1,41.0,3,9,17,2580
2,56.0,3,9,55,400
1,27.0,7,17,27,4515
2,24.0,6,11,48,7310
1,49.0,2,6,60,15050
2,31.0,4,12,40,8600
2,18.0,3,9,42,3440
2,59.0,2,3,40,7525
2,50.0,6,12,56,13000
1,61.0,3,9,14,6450
1,51.0,0,0,30,4300
2,50.0,3,9,40,9000
1,44.0,3,9,84,6000
1,59.0,2,6,18,3225
2,27.0,4,11,40,14000
1,32.0,2,6,59,12040
1,42.0,4,12,48,10750
1,53.0,3,9,40,3300
1,22.0,3,9,15,4300
1,21.0,3,7,24,10750
1,46.0,3,9,45,8600
1,33.0,3,9,39,10750
2,52.0,6,12,54,10000
2,27.0,6,15,36,5160
2,31.0,2,6,7,12900
1,48.0,0,0,42,6450
1,22.0,7,13,48,15050
1,27.0,7,16,56,8600
2,38.0,3,9,25,6450
1,53.0,3,9,80,7000
1,40.0,4,12,53,7310
1,53.0,3,9,48,12000
2,25.0,6,10,12,7740
1,56.0,4,12,46,10750
2,49.0,2,1,15,2150
1,30.0,4,12,48,16340
2,39.0,8,18,40,17200
1,39.0,7,16,40,8000
1,56.0,4,12,40,13330
1,18.0,4,12,48,5160
1,36.0,4,12,60,6000
2,45.0,2,6,56,6000
1,18.0,4,11,30,3870
1,61.0,7,16,30,10000
1,26.0,7,17,48,1500
2,39.0,3,9,84,6450
1,22.0,4,12,25,12000
2,33.0,7,17,24,8000
1,58.0,3,8,21,8600
1,24.0,7,17,60,8000
1,22.0,3,9,48,9890
2,38.0,7,17,48,6450
1,40.0,4,12,60,13000
1,38.0,3,9,70,12900
2,36.0,3,9,48,6450
1,28.0,4,12,48,12040
1,25.0,3,9,56,5160
1,64.0,6,9,18,6450
1,55.0,2,6,40,4000
1,61.0,2,3,20,7740
1,54.0,2,6,40,8000
1,21.0,3,9,45,6020
1,31.0,7,16,40,11000
1,50.0,3,9,45,10750
2,37.0,2,6,45,6450
2,52.0,4,12,46,8000
2,24.0,7,16,5,12900
1,53.0,2,6,36,6450
1,34.0,4,12,45,6450
1,45.0,3,9,112,15000
1,35.0,3,9,40,10750
1,47.0,3,9,36,21500
2,23.0,4,12,40,7740
1,61.0,2,6,45,15050
1,41.0,2,6,52,15050
1,28.0,7,17,18,8600
2,52.0,4,12,43,14000
1,31.0,2,6,47,6450
1,36.0,4,12,48,8170
1,27.0,7,16,48,10000
2,31.0,7,15,40,18000
1,59.0,2,6,72,11610
2,56.0,7,16,27,13000
1,45.0,3,9,54,8600
1,42.0,3,9,55,15030
1,54.0,4,12,48,7000
1,42.0,4,12,48,13760
1,28.0,4,12,48,10400
2,61.0,3,9,9,2000
2,42.0,7,17,12,6600
1,24.0,4,12,48,5000
2,32.0,7,17,40,18000
1,42.0,7,17,42,17400
2,19.0,4,11,60,4730
1,25.0,4,12,40,15155
2,54.0,0,0,6,3010
2,27.0,8,17,45,10750
1,24.0,7,16,30,3870
2,31.0,7,17,50,34400
1,55.0,3,9,48,8600
1,51.0,4,12,40,9000
1,34.0,3,9,35,14000
1,47.0,4,11,20,5160
2,33.0,4,12,50,4300
1,29.0,3,9,48,20000
1,20.0,4,12,72,3000
1,49.0,3,9,60,15000
1,33.0,7,16,24,43000
1,65.0,2,6,36,1500
2,47.0,7,17,25,16000
2,36.0,7,17,48,6600
1,38.0,3,9,35,21500
1,33.0,3,9,56,15000
2,59.0,2,6,70,8600
1,44.0,9,20,30,15000
2,46.0,3,9,48,10000
1,64.0,4,11,49,8600
2,49.0,7,17,48,13000
1,24.0,4,12,50,7000
1,60.0,7,16,24,4000
1,48.0,4,12,48,5418
1,28.0,3,9,18,417
1,36.0,3,9,60,7740
2,26.0,4,12,15,3225
2,45.0,3,9,36,6450
1,40.0,0,0,18,267
1,24.0,7,15,45,18000
2,50.0,0,0,21,3000
2,32.0,7,16,56,12900
2,40.0,2,6,49,7267
1,27.0,3,9,21,2322
1,18.0,4,12,38,8000
2,22.0,4,12,56,8600
1,41.0,7,14,48,30000
2,34.0,4,12,48,8600
1,45.0,3,9,48,8815
2,25.0,4,12,67,8600
1,24.0,3,9,47,2150
2,25.0,2,6,48,4000
1,37.0,7,16,52,15000
2,56.0,2,6,12,2150
1,37.0,2,6,47,5160
2,24.0,4,12,48,10000
2,53.0,3,9,54,20640
2,30.0,3,9,17,1548
1,46.0,2,6,48,8600
2,23.0,4,12,40,7500
1,33.0,3,9,45,10750
1,31.0,2,4,40,9030
1,30.0,2,6,48,7310
1,37.0,3,9,15,17200
2,27.0,4,12,50,10320
2,20.0,3,9,32,5160
1,39.0,2,6,51,12040
2,24.0,7,17,21,8600
1,24.0,7,16,48,12900
2,48.0,3,9,6,1290
1,49.0,2,6,49,10750
2,43.0,7,17,77,7740
1,47.0,2,6,48,6495
1,20.0,7,13,48,8600
1,23.0,4,12,50,10400
2,31.0,7,17,45,9030
1,30.0,0,0,40,5160
1,54.0,3,7,48,4167
1,42.0,4,12,48,6450
2,45.0,7,17,48,6450
2,23.0,7,16,50,15000
2,47.0,7,16,40,14000
1,27.0,7,99,48,8000
2,31.0,7,17,36,20000
1,60.0,7,17,35,12000
1,25.0,3,9,36,12900
2,33.0,2,5,25,2150
2,48.0,3,9,3,860
1,48.0,7,16,40,14000
1,47.0,3,9,36,3010
2,51.0,7,17,8,1720
2,18.0,3,9,40,8600
2,32.0,4,12,36,2580
2,51.0,2,2,50,3600
2,57.0,3,9,60,6450
2,50.0,4,12,18,3870
2,63.0,2,6,24,3440
1,45.0,4,12,56,12900
1,28.0,4,12,52,11395
1,27.0,2,6,40,10000
2,49.0,2,1,48,6450
1,45.0,4,11,72,6450
1,48.0,2,6,46,6450
1,60.0,2,6,56,10320
2,52.0,3,9,48,9890
2,31.0,3,9,48,7798
1,35.0,4,12,50,10750
2,24.0,7,16,40,1075
1,46.0,3,9,54,1720
2,44.0,4,10,48,7525
1,24.0,3,9,50,12000
2,22.0,2,4,49,9000
1,41.0,4,11,89,43000
1,48.0,7,17,72,12900
1,62.0,2,3,46,10750
2,22.0,4,11,8,8600
1,18.0,4,11,70,4300
2,50.0,3,9,42,8600
2,26.0,3,8,60,17200
2,39.0,3,9,48,10320
1,58.0,2,1,44,8600
1,31.0,2,6,45,12900
1,52.0,7,16,47,20000
2,34.0,3,9,21,5160
2,36.0,3,9,40,3600
2,36.0,3,9,20,4300
1,62.0,0,0,60,6450
1,52.0,7,15,55,15000
1,39.0,7,14,48,8600
2,31.0,7,17,40,20000
1,31.0,3,9,105,38700
1,60.0,3,9,45,10750
1,26.0,2,6,57,5160
1,53.0,7,17,24,24000
2,55.0,7,15,48,10750
2,47.0,3,9,40,6020
1,31.0,3,7,24,7740
1,41.0,4,12,56,17000
2,65.0,6,12,35,10000
1,32.0,4,12,46,15050
2,33.0,6,15,25,10000
1,55.0,0,0,56,12900
2,19.0,4,12,60,5160
1,26.0,4,12,47,6450
1,33.0,7,16,48,22000
1,27.0,3,9,33,3870
2,34.0,7,16,44,12900
2,51.0,7,16,40,28000
2,41.0,4,12,40,17200
1,46.0,2,6,24,7740
2,33.0,4,12,36,8600
1,40.0,3,7,35,3225
1,20.0,3,9,60,8600
1,38.0,3,9,84,8600
1,58.0,8,18,44,40000
1,18.0,4,10,25,8600
1,29.0,2,6,56,10000
2,23.0,4,12,48,11825
2,45.0,4,12,30,8000
1,32.0,2,6,60,18000
2,24.0,7,17,45,14000
2,46.0,7,17,45,12000
1,33.0,3,9,61,12900
1,21.0,3,9,36,10000
1,26.0,4,10,36,4000
1,40.0,7,16,50,23000
1,28.0,4,12,78,9675
2,25.0,4,12,48,7310
1,47.0,3,9,60,10750
1,20.0,3,9,30,4300
1,20.0,7,13,40,5160
2,42.0,7,17,3,3225
1,39.0,7,17,40,36000
1,28.0,4,12,50,8170
1,21.0,7,16,50,7000
2,58.0,4,12,45,6600
1,53.0,0,0,46,7740
1,30.0,7,16,40,19350
1,37.0,4,12,48,16000
2,53.0,6,12,48,8000
2,35.0,7,17,20,5160
1,32.0,3,9,48,25800
2,33.0,7,15,45,9200
2,38.0,8,19,10,4000
1,60.0,2,6,51,12000
2,29.0,3,9,32,8600
1,25.0,4,12,72,6000
2,26.0,4,12,48,7600
1,45.0,3,9,48,7600
1,39.0,4,12,61,21250
2,26.0,3,9,45,7740
2,52.0,3,9,60,10750
2,24.0,6,15,72,12040
1,24.0,7,16,48,16000
1,29.0,2,6,45,5590
2,25.0,4,12,48,4300
1,50.0,3,9,42,21500
2,39.0,2,6,42,4300
1,20.0,3,9,40,7740
2,23.0,7,13,40,12900
1,24.0,4,12,48,7400
1,29.0,7,15,36,15000
2,44.0,8,19,40,30100
2,49.0,7,16,40,11000
2,23.0,7,16,40,8600
1,62.0,7,16,14,12000
1,54.0,3,9,36,6450
1,44.0,4,12,48,6450
1,47.0,7,17,40,20000
1,32.0,4,12,54,10000
2,54.0,7,13,40,21500
2,36.0,3,9,48,6549
2,46.0,6,11,40,6450
2,41.0,2,6,48,7740
1,26.0,7,14,51,13400
1,52.0,0,0,45,40000
1,22.0,3,9,36,12900
1,20.0,3,9,48,5160
1,44.0,7,15,40,15000
1,44.0,4,12,35,7000
2,56.0,3,9,28,3440
2,37.0,4,10,35,6450
1,21.0,7,15,40,5000
1,23.0,4,12,58,60200
1,57.0,2,6,72,11825
1,37.0,7,17,40,16000
1,55.0,3,9,36,5160
1,44.0,2,6,46,7740
2,29.0,7,15,26,4300
2,21.0,7,14,50,3870
2,38.0,6,15,40,15000
2,18.0,3,8,55,5160
1,42.0,2,6,50,7310
2,37.0,7,16,8,8600
2,38.0,4,12,34,6880
2,27.0,7,17,48,8600
2,20.0,3,9,49,6450
2,19.0,6,12,40,1000
1,59.0,4,12,55,17200
2,34.0,3,9,36,7740
1,41.0,4,12,40,22230
2,44.0,2,4,48,5805
1,57.0,4,12,48,12900
2,51.0,3,9,45,11000
1,40.0,0,0,56,9460
2,32.0,3,9,48,10105
2,63.0,2,3,15,3870
2,41.0,3,9,40,6000
2,36.0,6,12,24,16000
2,30.0,4,12,36,12599
1,32.0,7,15,6,1720
2,34.0,3,9,48,6914
1,53.0,4,12,72,8000
1,46.0,3,9,25,4000
1,18.0,3,8,50,5160
1,44.0,7,16,40,12000
1,43.0,7,16,50,40000
1,24.0,3,8,60,19350
1,29.0,3,9,48,9600
1,48.0,2,6,48,10750
2,35.0,3,9,14,3010
1,25.0,3,9,40,10750
1,34.0,4,12,50,17200
1,39.0,4,12,60,8600
2,35.0,7,17,40,22000
1,41.0,3,9,12,1720
1,21.0,3,7,60,16740
2,41.0,3,9,18,7740
2,36.0,7,17,48,10750
1,56.0,4,12,48,11800
1,22.0,4,12,48,11400
2,30.0,3,8,48,12340
2,56.0,7,17,40,26000
1,60.0,3,9,40,7000
2,29.0,7,17,40,8000
2,23.0,7,15,62,8000
2,38.0,7,17,40,77400
2,47.0,4,12,72,11180
2,34.0,4,12,37,9000
1,36.0,3,9,37,6450
2,25.0,4,12,30,5160
1,54.0,3,9,48,5160
2,35.0,4,12,12,3870
2,28.0,4,12,48,7740
2,59.0,3,9,24,1000
2,43.0,2,6,24,3870
1,42.0,3,9,45,12040
2,32.0,0,0,16,1720
2,32.0,2,3,36,10750
2,44.0,3,9,15,2580
1,21.0,4,12,24,8600
1,39.0,3,9,40,8170
1,40.0,3,9,48,7740
1,44.0,3,9,57,17200
1,27.0,4,12,48,6880
1,46.0,3,9,45,12900
2,63.0,6,12,40,8000
1,59.0,2,6,42,1900
1,50.0,6,15,20,11000
2,50.0,6,12,48,12900
2,57.0,3,9,40,9600
2,26.0,7,17,44,6424
1,52.0,7,17,24,24000
1,44.0,3,9,60,8000
1,22.0,4,12,55,5160
1,28.0,7,17,42,6450
2,23.0,4,12,35,15050
2,23.0,7,16,18,3225
1,37.0,7,17,33,42000
1,51.0,3,9,55,21500
1,59.0,3,9,60,12900
1,50.0,2,6,24,2000
1,27.0,3,9,56,7500
1,48.0,3,9,20,2580
2,45.0,6,11,40,7500
1,20.0,4,12,63,8000
1,48.0,3,9,48,583
1,56.0,3,9,37,9000
2,52.0,2,3,50,6450
1,27.0,4,12,40,6450
1,45.0,2,3,36,3870
1,41.0,3,9,56,6880
2,38.0,3,9,24,5160
2,48.0,4,12,40,7000
1,23.0,4,12,54,6450
1,42.0,3,7,48,8200
1,24.0,4,12,45,5000
1,50.0,2,6,55,12040
1,20.0,4,12,40,8600
1,54.0,3,9,40,8600
2,54.0,8,18,40,7600
2,35.0,7,17,40,8000
1,44.0,4,12,16,5160
2,46.0,2,2,11,1720
2,24.0,7,16,48,8000
1,27.0,7,16,46,16000
2,48.0,2,6,40,9460
2,33.0,4,12,48,6450
1,55.0,3,9,12,6880
2,39.0,8,18,20,10000
2,25.0,7,16,21,3225
2,24.0,7,16,45,15050
2,18.0,2,6,32,3440
1,43.0,4,11,48,43000
1,64.0,4,12,16,4300
2,31.0,3,9,48,13600
1,50.0,4,12,96,12000
1,37.0,3,9,44,17200
2,31.0,3,9,48,8170
2,56.0,6,14,25,7200
1,33.0,7,16,72,10000
1,40.0,7,17,68,17200
1,54.0,2,6,60,12900
1,33.0,4,12,30,6450
2,20.0,3,7,35,500
1,31.0,4,12,46,15480
1,52.0,4,11,45,8600
1,58.0,4,12,12,5160
2,40.0,3,9,43,10750
1,50.0,3,9,30,10750
2,18.0,4,10,15,1720
2,52.0,6,12,54,7740
2,23.0,7,16,30,12900
1,35.0,3,9,50,5160
1,50.0,2,6,54,21500
1,38.0,7,17,70,8600
2,35.0,7,17,45,10000
1,32.0,7,17,84,24000
2,24.0,7,16,40,6000
2,44.0,7,16,40,9000
2,27.0,4,12,48,9030
1,34.0,7,16,40,40000
1,33.0,4,11,48,9890
2,55.0,4,12,35,9200
1,31.0,7,16,16,9000
2,40.0,3,9,48,6450
2,28.0,7,17,24,9000
1,48.0,4,11,48,6450
2,58.0,6,12,30,8600
2,26.0,7,16,50,88000
2,20.0,7,13,48,8000
1,60.0,4,12,18,6450
1,47.0,4,12,40,20000
1,50.0,7,16,25,9600
2,58.0,3,9,48,8600
1,38.0,3,9,40,9030
2,22.0,7,17,40,4800
1,55.0,3,9,40,8600
2,42.0,3,9,20,5160
1,20.0,3,8,56,5160
1,45.0,7,17,40,14000
1,40.0,7,17,48,10750
2,50.0,4,12,48,8600
2,51.0,2,4,42,5160
1,40.0,8,18,25,20000
1,20.0,4,12,54,12040
2,57.0,4,12,8,2000
1,50.0,4,10,58,7740
2,41.0,3,9,48,7740
1,37.0,7,17,40,28000
1,19.0,4,11,48,8600
2,23.0,4,12,48,3870
1,31.0,7,17,48,10000
1,33.0,3,9,45,17200
2,39.0,4,12,8,3440
1,45.0,7,15,50,40000
2,26.0,7,16,35,6000
2,56.0,6,9,40,27857
2,26.0,7,17,50,6000
2,23.0,3,9,62,5590
1,35.0,8,18,50,40000
2,32.0,4,12,48,6880
1,29.0,7,16,84,30100
1,29.0,6,12,73,18060
2,29.0,0,0,69,18060
2,25.0,7,15,30,14000
1,32.0,3,9,55,15050
1,22.0,4,12,48,7740
1,55.0,7,17,36,24000
2,42.0,3,9,68,5600
1,59.0,2,6,20,3010
1,44.0,2,6,48,15050
2,32.0,6,14,48,9460
1,39.0,2,6,20,10750
1,27.0,4,12,62,15000
2,37.0,7,16,45,3400
1,26.0,4,12,24,5160
1,39.0,4,12,48,12900
1,33.0,7,17,60,5160
2,23.0,4,12,84,10750
1,33.0,7,16,55,12900
1,54.0,3,9,56,10535
1,22.0,2,6,56,8170
1,61.0,7,16,56,8600
1,54.0,3,9,98,9000
1,64.0,2,6,50,6450
1,19.0,3,9,54,6880
1,24.0,4,12,42,6450
1,25.0,7,15,89,10000
1,45.0,4,12,50,10320
1,27.0,4,12,54,7740
1,34.0,3,9,48,8000
2,36.0,3,9,20,5160
1,50.0,4,12,54,8000
2,23.0,4,12,30,4300
2,34.0,2,6,40,5590
1,27.0,3,9,45,7740
2,21.0,3,9,56,8600
1,39.0,4,12,48,14000
1,36.0,7,17,60,20000
2,18.0,4,12,42,9030
1,36.0,2,6,44,12900
1,32.0,4,12,12,17200
2,45.0,8,17,30,15000
2,39.0,3,9,60,4730
2,46.0,3,9,48,7955
2,24.0,7,15,48,8000
1,46.0,2,6,56,14000
2,36.0,3,9,48,10000
1,27.0,3,9,5,1290
1,21.0,3,9,48,17200
1,58.0,3,9,12,3340
1,24.0,4,12,51,12900
2,27.0,3,9,42,6020
2,49.0,7,17,60,14000
2,40.0,9,20,35,26000
1,49.0,3,9,50,6450
1,34.0,3,9,55,10750
1,39.0,7,16,40,17000
1,29.0,3,9,68,10750
1,30.0,4,12,51,9030
1,48.0,2,6,55,11610
2,43.0,3,9,24,4515
2,47.0,4,12,48,5160
2,45.0,3,9,8,3440
2,56.0,7,17,30,18000
1,29.0,4,12,48,19780
1,31.0,7,17,40,13000
1,50.0,4,12,70,12900
2,37.0,2,6,32,3784
2,27.0,3,9,50,6450
1,24.0,3,9,30,5160
2,33.0,7,16,30,35000
2,63.0,3,9,14,200
2,58.0,0,0,36,7740
1,49.0,7,17,30,6450
1,39.0,3,9,33,10750
1,24.0,3,9,45,9460
1,24.0,7,14,54,8600
2,43.0,4,12,45,8600
2,49.0,2,6,9,2150
1,40.0,3,9,48,6450
2,55.0,2,6,48,3800
1,33.0,4,10,40,8800
1,43.0,7,17,40,20000
1,63.0,2,6,48,7740
2,38.0,8,18,40,20000
1,26.0,7,16,40,20000
2,54.0,6,12,48,11610
2,57.0,4,12,3,3870
1,20.0,7,13,18,3440
1,24.0,3,9,49,15050
1,30.0,2,3,80,7740
1,20.0,4,12,36,7740
2,58.0,0,0,16,1290
1,21.0,4,12,42,13000
2,24.0,7,17,40,12000
2,25.0,7,17,47,1000
1,48.0,3,9,60,3000
1,38.0,7,14,40,15050
1,51.0,2,2,48,6880
2,24.0,7,16,48,12000
2,33.0,4,12,40,18000
1,18.0,4,12,70,4515
1,52.0,4,12,48,5160
1,20.0,4,12,42,4300
2,46.0,2,6,48,8170
1,38.0,4,12,48,14500
1,54.0,4,12,45,11567
1,30.0,7,17,45,11395
2,28.0,4,12,48,6450
2,38.0,3,9,48,11180
1,46.0,3,9,24,8600
1,52.0,2,6,36,13333
1,27.0,4,12,48,7740
1,54.0,2,6,48,7000
2,34.0,6,14,60,8789
2,30.0,3,9,21,2000
2,60.0,0,0,48,6450
2,43.0,2,3,48,4300
2,34.0,7,17,40,10000
1,39.0,2,2,48,8600
1,43.0,4,12,35,14300
2,29.0,7,16,48,11780
1,51.0,7,17,72,5000
1,20.0,4,12,39,6810
2,32.0,7,17,40,20000
2,44.0,3,9,60,8500
2,38.0,3,9,43,9460
1,57.0,7,17,35,16000
2,24.0,7,14,48,9869
1,55.0,2,2,48,6450
2,64.0,7,17,25,11500
1,48.0,2,6,45,6020
1,35.0,3,9,18,17200
1,34.0,7,14,35,12000
2,37.0,3,9,35,12900
1,33.0,7,16,40,15000
1,47.0,7,16,48,10750
2,57.0,5,13,28,1720
1,56.0,4,12,44,8600
1,45.0,6,12,20,10750
1,43.0,4,12,36,7740
1,37.0,2,6,30,6000
1,28.0,7,17,48,33000
1,35.0,7,13,40,12900
2,31.0,4,10,40,10793
1,39.0,4,12,40,7000
2,28.0,4,12,60,12000
2,36.0,2,6,50,7000
1,52.0,4,12,48,15000
1,49.0,99,99,42,6880
1,41.0,3,9,30,10320
1,29.0,3,9,70,25200
2,52.0,7,16,40,15000
2,49.0,7,17,25,12000
1,31.0,3,9,50,6880
2,19.0,4,11,14,2150
2,61.0,2,3,48,7000
2,22.0,4,12,40,12900
1,20.0,4,11,45,12900
1,21.0,3,9,48,8600
2,24.0,7,15,48,15480
1,48.0,4,12,84,15050
2,39.0,2,6,42,6000
2,38.0,7,16,40,8000
1,50.0,3,9,50,7740
1,45.0,4,12,42,2000
1,41.0,2,6,55,12900
2,45.0,3,9,40,12900
2,27.0,7,16,30,12000
1,33.0,7,17,70,8600
2,49.0,6,12,40,6000
1,47.0,2,6,60,6450
2,28.0,4,12,36,3870
1,41.0,2,6,44,7740
1,55.0,7,16,40,24000
1,20.0,4,12,48,6450
1,42.0,3,9,21,24000
2,60.0,0,0,72,7740
1,21.0,7,15,48,8600
1,64.0,2,1,48,4500
1,51.0,3,9,53,12000
2,43.0,7,16,45,8000
1,33.0,4,12,54,8600
2,42.0,3,9,54,8100
2,23.0,4,12,60,6450
1,52.0,4,12,48,10750
1,43.0,3,9,36,10750
2,23.0,7,16,45,11180
2,30.0,4,12,25,2150
1,56.0,3,9,50,8600
2,32.0,3,9,35,4300
1,27.0,4,10,72,10320
2,58.0,3,9,16,1720
1,39.0,4,12,48,4300
2,60.0,2,6,34,6450
1,24.0,3,9,45,10750
2,27.0,7,16,58,8500
2,40.0,3,9,35,4730
1,33.0,2,6,48,6880
2,40.0,0,0,20,3870
2,42.0,2,6,48,7600
2,56.0,3,9,25,1720
1,21.0,7,15,28,6000
2,48.0,3,9,12,2000
1,24.0,7,17,20,30000
2,40.0,3,9,40,21500
1,39.0,3,9,51,12900
2,52.0,3,9,35,8600
2,22.0,7,16,72,12900
2,53.0,2,6,48,12771
1,29.0,7,16,35,7000
1,31.0,6,12,46,7740
2,56.0,3,9,54,8800
1,42.0,2,2,36,10750
1,25.0,3,9,24,8600
1,21.0,4,12,56,9460
1,49.0,3,9,53,6450
2,44.0,3,9,24,3870
1,54.0,2,6,16,9460
1,29.0,3,9,78,21500
2,28.0,8,17,56,20000
1,34.0,7,17,40,22000
1,31.0,4,12,45,16340
1,40.0,4,12,48,43000
2,28.0,7,16,45,17500
2,37.0,7,16,25,10000
1,39.0,2,6,55,7740
2,19.0,3,9,60,7600
1,24.0,7,14,40,8600
1,44.0,7,16,40,35000
1,54.0,0,0,30,3870
1,18.0,4,11,50,10750
1,63.0,7,17,11,1333
1,46.0,3,9,40,12900
1,57.0,0,0,24,2580
2,42.0,2,2,12,3225
1,39.0,2,6,52,12900
2,31.0,7,16,48,8600
1,45.0,3,9,35,8600
2,52.0,3,9,36,9890
1,51.0,7,16,35,18000
1,28.0,7,15,48,8600
1,47.0,2,6,40,8000
1,24.0,7,16,46,19000
2,20.0,7,14,45,4300
1,26.0,4,12,48,7740
2,45.0,3,9,4,600
2,52.0,7,16,70,18000
1,44.0,2,6,85,17200
2,51.0,2,6,8,2150
2,31.0,3,9,68,7740
2,54.0,7,17,48,8600
1,56.0,3,9,78,21500
1,36.0,3,9,72,25800
2,32.0,4,12,48,6000
1,20.0,7,13,10,5160
1,44.0,6,12,48,20000
1,35.0,2,2,48,7740
2,30.0,3,9,48,6000
1,51.0,2,4,49,9000
2,25.0,7,14,16,2580
2,38.0,3,9,48,17200
1,61.0,2,4,18,3870
1,22.0,4,12,45,11180
1,48.0,3,9,24,3870
1,61.0,2,4,40,4000
2,32.0,3,9,50,9890
1,32.0,3,9,50,15050
1,36.0,7,16,40,17200
2,36.0,7,16,48,24000
1,58.0,4,12,60,21500
2,45.0,2,3,36,5160
1,35.0,3,9,72,21500
2,65.0,2,3,30,6450
1,34.0,8,18,25,10000
2,50.0,4,11,30,16000
2,26.0,3,9,16,3870
1,35.0,4,12,40,6450
2,49.0,7,16,36,17200
1,33.0,7,16,50,40000
2,48.0,3,9,50,10750
1,45.0,7,17,45,16000
1,40.0,3,9,36,11230
2,34.0,7,17,40,14000
1,27.0,3,9,48,7310
1,64.0,0,0,55,10750
1,64.0,3,9,48,5160
1,47.0,2,6,56,8600
2,50.0,3,9,54,6020
2,39.0,2,6,42,5590
1,44.0,3,9,48,12900
1,36.0,2,6,54,7740
2,38.0,2,3,54,3440
2,37.0,3,9,24,5160
1,42.0,3,9,50,6450
1,61.0,2,2,77,2150
1,19.0,3,9,48,17200
2,41.0,7,17,45,25800
1,24.0,3,9,21,3225
1,62.0,2,6,9,2580
2,37.0,3,9,54,4730
2,22.0,3,9,40,9460
1,20.0,4,12,48,10750
1,29.0,3,9,55,17200
1,30.0,7,17,45,15050
2,58.0,3,9,40,8000
1,24.0,4,12,48,5160
1,21.0,7,13,16,3870
2,25.0,3,9,66,4644
2,30.0,4,12,51,8600
1,51.0,2,6,98,8600
1,60.0,7,15,60,9030
2,46.0,2,4,70,15050
2,41.0,3,9,40,3870
2,37.0,7,15,30,50000
1,53.0,7,17,40,10000
1,48.0,2,6,44,8600
1,28.0,4,12,40,15050
2,50.0,2,3,45,4300
2,47.0,7,16,40,9000
2,41.0,3,9,48,5160
2,52.0,3,9,53,12900
1,25.0,3,9,52,4730
1,30.0,3,9,54,7000
1,22.0,2,6,46,8600
1,35.0,3,9,48,19350
1,53.0,7,16,16,5000
2,43.0,3,8,36,13760
1,19.0,3,9,48,7650
1,52.0,2,3,32,1290
1,26.0,4,12,84,45150
2,23.0,3,9,72,4000
2,50.0,2,6,45,12900
1,55.0,3,9,48,2580
2,51.0,3,9,28,5590
1,52.0,4,12,60,15600
1,34.0,3,9,57,12900
1,47.0,3,9,48,6450
1,37.0,4,12,48,6880
1,34.0,3,9,72,10750
1,54.0,7,15,96,16000
1,23.0,7,13,18,2150
1,31.0,7,17,72,8400
1,34.0,4,12,56,22000
1,27.0,7,17,48,14000
2,56.0,8,18,40,16000
1,62.0,2,6,45,3440
2,20.0,7,13,10,2150
1,28.0,7,17,30,21500
2,31.0,4,12,46,8600
1,35.0,7,17,48,8600
2,51.0,2,6,15,860
1,26.0,7,17,56,12000
2,19.0,3,9,48,3870
1,59.0,3,9,35,10000
1,49.0,4,12,48,6020
2,19.0,4,12,72,3000
1,56.0,3,9,72,5600
2,21.0,4,11,60,15050
2,19.0,4,11,10,5590
1,30.0,7,16,40,60000
1,50.0,3,9,54,11180
1,42.0,3,8,55,7740
2,48.0,2,6,48,6450
2,58.0,7,15,32,29600
2,24.0,4,10,48,6880
2,53.0,2,6,20,5160
2,50.0,2,6,24,1290
2,45.0,7,16,60,22000
1,62.0,2,3,16,3440
2,33.0,7,16,24,19000
2,21.0,4,12,96,12000
2,45.0,0,0,35,6000
1,41.0,3,8,44,12900
1,19.0,4,11,48,6450
1,37.0,7,14,50,9460
1,47.0,3,9,7,12900
2,61.0,3,9,25,6450
1,40.0,2,2,60,12040
1,33.0,4,12,48,6000
1,52.0,3,9,51,6880
1,44.0,4,12,45,9460
2,36.0,4,12,48,12900
1,50.0,3,9,48,10320
2,51.0,6,11,30,8600
2,19.0,4,11,48,7310
1,29.0,4,12,72,17200
2,22.0,8,18,40,30000
2,58.0,7,17,40,6800
2,36.0,4,11,44,8600
2,40.0,7,17,40,14000
2,42.0,0,0,40,5000
2,54.0,3,9,40,15050
2,37.0,7,16,25,13000
2,32.0,3,9,60,7310
1,52.0,4,12,57,12900
2,18.0,4,12,25,4300
2,29.0,4,12,40,5600
1,51.0,3,9,40,7400
1,30.0,4,12,30,8600
1,40.0,2,6,44,8600
1,26.0,7,13,48,17200
1,38.0,4,12,50,1500
2,61.0,2,6,84,11610
2,48.0,3,9,51,5590
2,46.0,4,12,72,3400
2,36.0,4,12,42,6450
1,57.0,2,5,36,9030
1,52.0,7,17,48,20000
1,55.0,3,9,40,8600
1,22.0,3,9,44,7740
1,26.0,7,16,40,30100
2,30.0,7,16,50,22000
2,35.0,4,12,48,20000
2,49.0,2,6,12,2580
2,40.0,4,12,6,6450
1,38.0,4,11,84,43000
2,27.0,4,10,56,4730
1,36.0,4,12,51,38700
1,34.0,7,17,55,40000
1,34.0,3,9,30,12900
2,46.0,3,9,21,6000
1,49.0,4,10,25,12000
1,42.0,4,12,48,8000
2,59.0,4,12,48,3870
2,31.0,2,6,24,6450
1,34.0,3,9,48,11610
2,51.0,4,12,28,6000
1,50.0,2,6,56,21500
2,33.0,3,9,10,3440
1,30.0,4,12,30,5160
2,56.0,3,9,48,17200
1,31.0,7,16,56,10000
1,44.0,3,9,50,17200
1,38.0,2,6,48,8600
2,50.0,3,9,48,5160
1,23.0,7,16,40,7740
2,48.0,3,9,46,6450
1,18.0,4,12,48,12040
2,29.0,7,17,47,20000
2,41.0,4,12,48,6020
2,53.0,7,17,48,9800
1,36.0,3,9,48,10750
1,58.0,2,3,40,6020
1,26.0,7,15,48,10000
2,32.0,3,9,46,9850
2,30.0,7,17,48,17000
1,36.0,7,16,40,21500
1,25.0,2,6,54,21500
1,46.0,4,10,40,25800
2,24.0,3,9,42,10750
1,52.0,4,12,48,30100
1,26.0,2,6,48,8600
2,29.0,3,9,40,6000
1,36.0,4,12,8,12900
1,58.0,3,9,48,19350
1,26.0,2,6,48,2333
1,22.0,4,12,45,13760
1,39.0,4,12,44,8000
2,59.0,2,6,36,9030
2,23.0,4,12,36,9503
1,41.0,3,9,40,10750
2,33.0,3,7,48,15050
1,28.0,7,14,45,10500
2,58.0,7,16,40,40000
1,47.0,2,6,40,7000
2,42.0,7,18,40,30000
1,33.0,7,16,40,11000
1,38.0,4,12,80,6450
1,23.0,7,17,28,8600
1,54.0,4,12,70,9030
1,25.0,3,9,96,7000
1,37.0,7,17,6,2580
1,53.0,3,7,42,6020
1,52.0,8,18,50,30000
2,59.0,3,9,30,7600
1,52.0,3,9,44,10750
2,26.0,4,12,48,8600
1,40.0,3,9,25,6450
1,22.0,4,12,48,12040
1,40.0,3,9,48,12470
2,40.0,8,18,35,50000
1,25.0,4,12,48,6020
2,34.0,3,9,40,9357
1,45.0,4,12,20,7000
1,58.0,2,6,43,6020
1,58.0,3,7,84,10000
1,32.0,7,16,48,11180
2,30.0,7,17,9,10750
1,50.0,9,22,50,40000
2,53.0,7,17,56,17000
2,34.0,4,12,40,8600
1,29.0,4,11,53,8600
1,34.0,7,17,40,8000
2,19.0,4,12,48,15000
1,23.0,3,9,48,8600
1,51.0,4,12,45,8600
2,53.0,6,12,48,8000
1,63.0,3,9,46,9460
2,24.0,7,16,46,2150
2,30.0,8,18,40,14000
1,47.0,3,9,45,6450
1,36.0,4,12,70,25800
1,46.0,3,9,56,9460
1,29.0,4,12,36,12578
1,23.0,4,12,45,7740
1,33.0,4,12,48,10320
2,55.0,7,17,40,11200
2,62.0,2,1,6,1935
2,42.0,7,16,43,8600
1,26.0,7,17,45,22575
1,41.0,3,9,50,17200
1,62.0,2,3,51,7740
2,28.0,3,9,28,3010
1,49.0,2,6,70,20000
1,57.0,3,9,50,15050
2,18.0,4,12,48,9460
2,29.0,3,8,22,3000
1,34.0,7,17,50,30200
1,25.0,4,12,48,10000
1,54.0,4,12,40,10000
1,24.0,4,12,60,5000
1,33.0,2,6,51,11825
1,50.0,2,5,30,833
2,54.0,3,9,16,2150
2,51.0,3,9,48,8600
1,52.0,3,9,14,667
2,41.0,3,9,28,5160
1,52.0,3,9,44,5160
1,44.0,3,8,70,77400
1,28.0,7,16,54,28380
2,42.0,4,10,15,2000
1,31.0,3,9,48,10000
2,41.0,7,17,25,18000
1,36.0,4,12,56,54000
1,48.0,7,17,40,10400
1,27.0,4,12,60,8600
2,43.0,7,16,40,40000
2,22.0,4,12,50,5160
1,20.0,7,13,46,25800
2,47.0,4,11,70,8000
1,43.0,7,17,84,12000
2,48.0,3,9,42,8600
2,49.0,2,5,14,6000
2,23.0,7,14,40,15050
1,21.0,3,9,30,8600
1,26.0,4,12,40,6450
1,19.0,7,13,61,12900
1,36.0,7,17,44,12000
2,33.0,4,12,56,8600
1,24.0,7,13,48,12900
2,28.0,7,13,24,3200
1,33.0,7,17,25,10000
1,41.0,2,6,70,8200
1,23.0,2,6,48,9030
2,40.0,4,12,45,8000
1,64.0,2,3,26,4000
2,29.0,7,17,50,15000
1,34.0,4,12,46,10750
2,45.0,6,11,36,15050
1,52.0,3,9,65,6450
2,55.0,3,9,35,4300
1,35.0,0,0,23,8600
2,39.0,7,17,40,20000
1,61.0,2,3,12,3440
1,29.0,7,16,47,11000
2,42.0,7,16,45,8600
2,34.0,4,12,46,12000
1,23.0,4,12,41,12900
1,38.0,3,9,18,1935
2,56.0,2,6,15,3870
1,40.0,3,9,48,15910
1,45.0,2,6,48,4730
1,47.0,2,6,54,21500
2,48.0,3,9,48,9000
2,32.0,4,11,42,7740
1,34.0,3,9,53,14620
2,22.0,4,12,48,12040
2,23.0,7,16,36,5160
1,56.0,4,12,48,15050
2,34.0,4,11,7,10000
1,27.0,7,17,36,8000
1,51.0,4,12,48,9000
1,56.0,3,9,54,8170
1,32.0,3,9,50,8170
1,37.0,4,12,46,2150
2,45.0,2,6,10,1720
2,30.0,4,10,4,7740
2,33.0,4,12,54,3870
1,42.0,2,5,25,11600
1,56.0,3,9,40,16340
2,36.0,7,17,40,10000
1,33.0,4,12,45,7000
1,46.0,7,16,40,42000
1,52.0,4,12,60,51600
1,31.0,7,17,40,16000
1,32.0,3,9,48,10750
2,40.0,3,9,84,8600
2,23.0,4,12,48,9890
1,52.0,7,17,20,6000
1,28.0,7,14,40,10105
1,50.0,8,18,58,36000
2,52.0,2,6,70,12000
2,36.0,4,11,48,7525
1,42.0,3,9,56,12900
2,20.0,3,9,40,6200
1,53.0,2,6,58,7310
1,30.0,7,15,48,12000
1,55.0,4,12,28,7500
2,40.0,2,6,60,6450
1,26.0,0,0,46,8600
2,58.0,2,6,45,6880
1,30.0,3,9,60,3870
1,37.0,3,9,44,10750
2,61.0,2,6,10,860
2,41.0,3,7,48,10750
1,20.0,3,9,84,8600
1,49.0,3,9,48,1290
2,60.0,3,9,42,4500
2,59.0,6,11,46,3010
1,26.0,4,12,45,19350
2,23.0,2,1,40,4300
1,28.0,7,15,48,17200
1,43.0,2,4,50,5160
1,42.0,4,11,60,14100
2,38.0,4,12,48,12470
2,28.0,3,9,8,2150
1,40.0,2,4,49,7740
1,33.0,7,17,48,10000
1,21.0,4,11,14,3870
1,62.0,3,9,56,18000
2,23.0,3,9,40,7310
1,42.0,7,17,50,20000
1,32.0,3,9,54,7000
1,42.0,4,11,48,18920
2,49.0,7,17,48,1000
1,50.0,2,6,36,8600
2,27.0,4,12,47,8600
1,24.0,7,17,36,12900
1,56.0,7,15,16,8305
2,40.0,7,16,30,8000
1,39.0,4,12,48,15050
1,21.0,6,13,48,9890
1,44.0,3,9,48,12040
1,52.0,3,9,40,7310
1,42.0,4,12,72,15000
1,33.0,4,12,48,12900
2,36.0,3,9,25,4300
1,48.0,3,9,48,13760
1,45.0,2,6,24,2580
2,34.0,7,16,45,24000
2,19.0,4,12,48,9030
1,30.0,3,7,65,21500
1,56.0,2,6,11,6450
2,43.0,2,6,49,8600
1,59.0,7,17,56,8000
2,27.0,2,6,72,8600
2,51.0,6,12,16,18576
1,48.0,2,2,48,5160
1,31.0,3,9,55,6880
1,58.0,2,6,28,5666
1,62.0,3,9,32,10000
2,29.0,4,12,48,10000
2,63.0,6,12,10,215
2,60.0,2,3,40,6450
1,58.0,3,9,72,8000
2,33.0,4,11,48,9030
1,22.0,3,9,48,8600
1,41.0,3,9,84,17200
2,56.0,7,17,37,12000
1,26.0,4,10,46,12900
1,33.0,4,12,50,22790
1,19.0,7,13,48,11180
2,40.0,0,0,49,3440
2,33.0,3,9,30,3870
2,38.0,4,11,24,5000
2,47.0,4,10,40,7000
1,27.0,3,9,48,9400
1,58.0,3,9,40,17200
2,47.0,3,9,40,12900
1,44.0,7,16,60,12000
2,33.0,2,4,54,5590
2,37.0,2,6,54,7310
1,27.0,7,16,120,17200
1,50.0,3,9,45,9460
1,50.0,3,9,40,12900
2,36.0,3,9,24,10320
2,50.0,4,12,46,4300
1,31.0,7,16,33,37000
2,46.0,4,12,32,18600
2,35.0,3,9,49,4300
1,33.0,4,12,54,6450
1,46.0,7,16,40,10000
1,40.0,7,17,50,13760
2,62.0,7,16,35,25000
2,36.0,3,9,32,8600
2,32.0,7,16,36,5160
2,21.0,4,12,40,7200
2,48.0,2,6,8,2580
2,20.0,4,12,16,3010
1,31.0,2,6,60,10535
2,44.0,2,6,48,8600
1,42.0,2,2,54,10320
2,40.0,3,9,46,6450
1,51.0,3,9,46,5676
1,54.0,3,9,56,25800
2,49.0,3,9,50,8600
2,24.0,7,16,48,14000
1,36.0,4,12,48,10000
2,44.0,8,18,40,30000
1,21.0,4,12,45,9460
1,47.0,3,9,60,12000
1,59.0,7,17,58,12900
1,40.0,4,12,56,25300
2,45.0,7,17,30,13000
2,41.0,2,6,70,12900
1,53.0,7,14,60,43000
2,41.0,7,16,20,12000
2,49.0,2,6,50,10750
2,45.0,3,9,7,4300
1,21.0,2,3,54,4300
2,45.0,3,9,45,9460
2,51.0,3,9,48,9460
1,46.0,3,9,48,18000
2,26.0,3,9,48,6880
2,39.0,3,9,62,5375
2,25.0,3,9,48,8424
1,38.0,3,8,30,10320
1,31.0,4,12,54,15000
1,23.0,4,12,24,15480
2,19.0,7,13,8,860
1,48.0,7,16,45,38700
1,39.0,2,5,24,2580
2,51.0,7,17,48,10000
2,19.0,3,9,46,8600
2,43.0,4,12,48,7600
1,37.0,3,9,48,11610
2,48.0,7,16,45,18000
2,41.0,4,12,48,5000
1,65.0,3,9,48,5160
1,20.0,2,6,45,7740
2,45.0,3,9,44,2150
1,47.0,2,1,48,5000
1,29.0,4,12,57,7740
1,45.0,7,16,48,15200
1,48.0,3,9,48,8600
1,32.0,7,14,48,107500
1,32.0,2,3,15,1290
1,53.0,7,16,50,80000
1,29.0,4,12,52,11395
2,39.0,7,17,54,5160
2,45.0,4,11,45,7000
1,33.0,4,12,48,19350
1,51.0,4,12,40,12000
2,30.0,4,12,48,34400
1,35.0,3,8,51,12900
1,36.0,4,12,45,7740
2,21.0,4,12,40,7310
2,29.0,7,15,25,2000
2,34.0,7,17,12,6000
1,27.0,4,11,48,8600
1,20.0,4,10,48,12900
2,54.0,7,17,40,24000
2,54.0,3,9,48,7000
2,60.0,3,9,36,6450
1,48.0,3,9,60,9460
2,48.0,3,9,9,1000
1,51.0,3,9,72,25000
1,33.0,3,9,48,25800
2,48.0,6,11,40,8000
1,54.0,2,6,84,4300
1,24.0,2,6,57,12900
1,19.0,4,12,60,9460
1,21.0,7,13,54,8600
2,41.0,2,6,48,9030
1,47.0,6,12,40,3125
2,33.0,7,13,48,10000
2,23.0,7,16,40,12000
1,51.0,2,3,42,15480
1,32.0,4,12,72,10750
2,34.0,6,15,50,20000
1,49.0,7,16,48,7740
2,37.0,6,11,61,7740
1,23.0,3,9,66,12900
2,48.0,4,12,40,8170
1,26.0,4,12,48,12900
2,42.0,8,19,37,7000
1,37.0,7,16,25,10000
2,24.0,3,9,24,15480
2,46.0,7,14,6,1500
2,49.0,2,6,8,5160
1,28.0,3,9,40,9890
1,24.0,7,16,40,10000
1,49.0,2,6,48,7740
2,53.0,2,6,30,5160
2,62.0,2,1,18,4300
1,39.0,4,12,42,7800
2,22.0,4,10,50,6880
1,34.0,7,17,4,387
1,58.0,3,9,50,8600
1,35.0,4,12,10,15000
2,37.0,3,9,72,7000
1,59.0,4,12,54,8600
1,62.0,7,16,60,4200
1,19.0,0,0,49,4300
1,22.0,6,10,36,25800
2,21.0,2,6,30,3225
2,46.0,7,16,40,18000
1,28.0,2,6,50,6450
1,40.0,7,17,40,16000
1,29.0,3,9,51,8385
1,57.0,2,6,45,12900
2,37.0,4,12,45,9000
1,23.0,4,10,54,7740
1,22.0,3,9,25,4400
2,27.0,4,12,28,4500
1,39.0,4,12,72,5590
1,24.0,2,6,48,9030
2,29.0,7,16,25,9000
1,55.0,2,6,42,3440
2,32.0,3,9,10,1290
1,40.0,2,6,54,8600
2,21.0,3,9,16,6450
1,28.0,4,12,40,9890
2,51.0,0,0,54,4730
1,30.0,7,17,40,8815
1,47.0,3,9,48,7740
1,21.0,3,9,36,4300
1,39.0,2,6,70,9030
2,35.0,4,12,48,9000
2,65.0,2,6,27,3225
1,39.0,3,9,48,7310
2,58.0,7,16,42,8600
1,57.0,3,9,42,4500
2,37.0,3,9,48,7740
1,37.0,2,3,24,6450
2,40.0,3,9,36,5160
1,41.0,4,10,48,7800
2,30.0,3,9,42,4300
2,20.0,4,12,4,1290
1,62.0,7,16,55,20000
2,28.0,7,13,10,5375
1,36.0,4,12,18,21500
2,34.0,7,14,48,8600
1,33.0,4,12,72,8600
2,55.0,0,0,84,3000
1,48.0,7,17,50,43000
2,46.0,7,18,40,40000
2,41.0,7,16,70,8600
2,36.0,4,12,40,6450
2,20.0,3,9,35,7500
2,52.0,2,3,18,645
2,40.0,7,16,18,2000
2,44.0,4,12,84,4000
1,50.0,7,17,45,30000
2,33.0,2,6,3,3010
1,32.0,7,17,45,4000
1,37.0,3,9,50,8600
1,27.0,7,17,40,14000
2,30.0,4,11,47,7740
2,46.0,3,9,45,6450
1,39.0,4,12,45,12900
1,41.0,4,12,60,60000
1,25.0,4,12,56,10750
1,36.0,8,19,12,18000
1,27.0,4,12,42,10320
1,56.0,2,1,49,10750
2,44.0,3,9,48,9675
2,52.0,2,6,12,700
2,48.0,3,9,14,1720
1,29.0,4,11,60,12900
2,44.0,2,2,15,4300
2,50.0,2,6,48,10750
1,28.0,4,11,45,15050
1,29.0,7,14,40,17200
2,21.0,4,12,48,7955
1,57.0,4,11,48,15480
1,25.0,7,16,45,15050
2,60.0,3,9,40,6450
1,46.0,7,14,46,10750
1,24.0,3,9,54,6450
1,60.0,3,9,70,9000
1,44.0,7,16,36,17200
1,48.0,4,12,50,27000
2,19.0,3,9,12,1720
1,20.0,7,13,25,3225
1,29.0,7,17,40,12000
2,38.0,2,6,70,4500
1,50.0,2,6,54,6880
2,25.0,4,10,48,9890
1,51.0,2,6,48,10750
2,42.0,3,9,48,7740
1,19.0,7,13,51,5160
1,26.0,4,12,24,8428
1,35.0,3,7,44,7740
2,30.0,7,17,25,14000
1,27.0,4,12,40,7740
2,29.0,3,9,15,6450
2,53.0,7,16,40,7600
1,22.0,4,12,54,10750
2,49.0,3,9,53,12900
2,48.0,2,6,57,7740
2,41.0,8,19,35,12000
1,33.0,4,12,35,17200
2,25.0,4,11,30,8600
1,32.0,4,12,40,11600
1,29.0,3,9,48,7740
1,27.0,7,17,45,11610
2,40.0,4,12,62,7740
1,27.0,3,9,46,15050
1,39.0,7,16,54,14000
2,49.0,3,9,48,7740
2,43.0,7,17,40,10000
2,46.0,3,9,40,8600
2,20.0,4,11,40,6020
1,18.0,3,9,56,7310
1,52.0,3,9,44,8000
1,37.0,8,17,68,18000
1,46.0,2,6,57,12900
2,62.0,2,2,6,2580
1,57.0,2,6,48,6450
2,29.0,3,9,45,7740
2,20.0,7,14,72,84001
1,51.0,2,6,46,6450
2,54.0,2,6,50,4300
2,35.0,7,16,36,56000
1,43.0,2,5,46,7740
2,60.0,2,6,10,2150
2,27.0,4,12,16,3440
2,23.0,3,9,45,8600
2,32.0,7,16,52,16000
1,56.0,3,9,42,8600
2,30.0,8,18,45,25000
1,21.0,4,12,48,10750
2,52.0,2,6,12,1935
1,50.0,0,0,25,6450
2,42.0,3,9,42,5160
1,30.0,7,17,40,20000
1,22.0,7,15,35,6450
2,32.0,7,14,36,10000
2,23.0,7,15,40,6450
1,46.0,7,16,54,8600
2,47.0,7,16,53,7000
1,32.0,4,12,56,12000
1,60.0,7,15,72,70000
1,61.0,7,13,45,10400
2,29.0,7,17,40,22600
2,50.0,2,2,56,3010
1,30.0,3,9,35,7740
2,18.0,3,9,36,2580
2,44.0,8,18,30,50000
1,52.0,3,9,48,10000
2,34.0,7,17,24,14000
2,45.0,3,9,40,7740
1,31.0,3,9,46,12900
1,36.0,2,6,42,6450
2,47.0,7,17,40,10000
1,28.0,2,6,40,12900
1,25.0,7,16,47,10750
1,31.0,4,12,45,12900
2,55.0,3,9,45,3397
2,36.0,2,6,12,2580
1,29.0,7,16,44,24000
1,18.0,4,11,16,4730
2,55.0,7,14,40,16000
1,18.0,7,13,48,9000
1,33.0,7,17,40,2000
2,46.0,4,12,70,12900
2,39.0,4,12,3,1290
1,54.0,4,12,48,10750
2,24.0,4,11,25,2580
1,43.0,3,9,60,8600
2,36.0,3,9,40,6020
2,34.0,3,9,8,6020
2,59.0,2,6,48,9000
1,28.0,7,17,48,7000
1,40.0,3,9,20,6020
1,34.0,7,15,72,25800
2,27.0,4,11,48,6450
1,22.0,2,6,40,30100
1,35.0,3,9,48,8127
2,58.0,4,12,41,20100
2,40.0,4,12,48,10750
1,37.0,4,11,42,10750
2,48.0,7,17,67,3010
2,33.0,2,5,57,3870
1,41.0,2,2,52,15050
2,29.0,2,6,40,9460
1,37.0,2,6,36,7740
2,35.0,3,9,48,9460
1,36.0,7,17,35,4000
1,57.0,3,9,70,17200
2,39.0,7,17,48,8600
2,31.0,4,12,70,5160
2,23.0,3,9,48,6450
2,33.0,3,9,10,1720
1,39.0,4,12,40,25800
1,21.0,3,9,56,10500
2,54.0,3,9,20,4300
1,24.0,3,9,46,8600
1,25.0,4,10,36,21500
1,46.0,2,1,30,5160
1,51.0,4,12,40,9000
1,32.0,7,14,40,5000
1,48.0,2,6,47,12900
1,40.0,3,9,84,8571
1,27.0,3,9,48,6020
2,34.0,4,12,46,8170
2,46.0,7,17,44,16000
2,58.0,7,17,40,12000
2,33.0,6,11,70,9000
2,18.0,3,9,10,6450
1,59.0,7,14,84,17200
1,54.0,2,6,70,9000
1,43.0,7,16,48,7000
2,48.0,2,6,48,8000
1,24.0,4,12,45,11610
2,24.0,3,9,24,12900
2,32.0,4,12,21,3225
2,31.0,4,12,48,8600
2,25.0,7,16,40,8000
1,26.0,3,9,72,15910
1,33.0,3,9,62,8600
2,49.0,3,8,48,7525
2,54.0,3,9,6,860
2,27.0,7,17,55,13600
1,20.0,4,12,35,5160
1,37.0,3,9,18,5600
2,51.0,2,4,42,2580
1,35.0,7,16,24,2580
2,48.0,3,9,8,1290
1,38.0,3,9,50,15050
2,46.0,8,19,4,6000
1,48.0,3,9,48,8729
2,55.0,3,9,58,7740
1,34.0,4,10,78,3870
1,31.0,3,9,49,12900
2,18.0,4,12,24,2580
1,45.0,3,9,43,22360
1,23.0,2,6,50,12900
1,21.0,3,9,40,7740
2,41.0,7,17,35,15000
1,30.0,8,18,45,20000
2,36.0,8,18,51,10000
1,53.0,3,9,25,8600
1,58.0,3,9,40,8600
2,37.0,7,16,40,6400
1,22.0,3,9,40,7740
1,22.0,4,12,30,7310
1,49.0,4,12,28,6450
1,42.0,0,0,24,500
1,39.0,7,15,30,20000
1,47.0,7,13,60,12900
2,34.0,4,12,40,13200
1,39.0,7,17,51,8170
1,24.0,7,17,36,6000
2,37.0,3,9,24,5160
2,41.0,3,9,40,10750
1,59.0,3,9,60,7740
2,38.0,7,17,30,10000
1,51.0,3,9,70,15050
1,37.0,4,12,40,14000
2,40.0,3,9,60,7740
2,55.0,3,9,30,4000
2,35.0,7,14,42,6450
1,52.0,2,2,72,7740
1,50.0,2,6,42,6000
1,36.0,7,15,40,10400
2,28.0,2,6,40,2150
2,51.0,7,17,30,22000
1,39.0,7,13,72,21500
2,52.0,7,17,35,12000
1,50.0,3,9,47,15050
1,30.0,6,12,40,11750
1,25.0,3,9,64,9890
2,25.0,4,12,32,3340
1,29.0,7,16,42,30100
1,27.0,4,12,40,8600
2,29.0,8,17,20,12900
1,45.0,2,6,42,12900
2,60.0,2,6,48,4000
2,55.0,3,9,33,7740
1,59.0,4,12,6,1935
1,36.0,4,12,63,7740
1,57.0,3,9,45,17200
2,40.0,3,9,40,12000
1,52.0,6,12,56,17200
1,30.0,7,17,48,16000
1,61.0,4,12,45,15050
2,36.0,6,12,40,4000
2,24.0,7,14,54,7310
1,21.0,4,12,24,3225
1,22.0,2,6,48,9030
2,44.0,3,9,18,10750
1,22.0,3,9,18,2580
1,42.0,3,9,51,25800
2,31.0,7,16,47,12470
1,34.0,3,9,42,6450
2,48.0,3,9,35,6450
1,28.0,4,12,60,12900
2,55.0,5,13,15,6000
1,41.0,7,17,32,60000
1,33.0,7,17,40,8000
2,35.0,7,15,54,15050
1,41.0,9,20,35,14000
1,43.0,7,16,40,7740
2,33.0,4,12,42,7740
1,29.0,4,12,66,12040
2,59.0,2,6,56,2150
1,28.0,3,9,66,5160
1,46.0,3,9,56,9460
1,32.0,7,17,84,10000
1,19.0,4,12,60,5160
2,41.0,4,12,50,10750
1,23.0,2,6,55,8600
2,26.0,4,12,40,9000
1,26.0,7,15,48,6880
1,51.0,3,9,48,17200
2,38.0,8,19,48,21500
1,34.0,6,14,16,8600
1,22.0,7,17,96,12000
1,22.0,3,9,48,7740
1,19.0,4,12,54,5000
2,36.0,3,9,25,4300
1,36.0,7,16,37,30000
1,54.0,4,12,48,6450
1,22.0,4,10,66,6020
1,50.0,3,9,36,5160
2,61.0,6,12,36,10000
1,56.0,3,9,72,25800
1,25.0,7,14,40,14000
2,32.0,7,17,40,19000
1,62.0,2,2,18,3000
1,34.0,4,12,26,43000
1,39.0,3,8,58,14640
1,34.0,7,15,40,10000
1,41.0,6,15,60,15000
2,49.0,4,12,78,3500
1,43.0,3,9,58,11825
1,39.0,3,9,40,8600
2,22.0,4,12,50,7740
1,30.0,7,16,60,8000
1,59.0,4,12,46,8600
1,46.0,4,12,45,10320
2,58.0,3,9,40,5590
2,28.0,7,17,55,10750
2,32.0,4,12,6,3440
2,48.0,7,17,40,12000
1,58.0,4,12,32,22000
2,41.0,3,9,47,10320
1,44.0,3,9,45,9460
1,47.0,2,5,44,3333
2,18.0,3,9,4,1118
1,53.0,3,9,50,8600
2,45.0,2,3,45,6450
1,40.0,7,17,60,10000
1,27.0,4,12,54,12900
1,54.0,4,12,80,12900
1,23.0,4,12,48,7400
1,57.0,2,3,15,6450
1,31.0,4,12,48,16340
1,35.0,3,9,50,12900
2,46.0,7,17,25,14000
2,43.0,3,9,63,14000
2,46.0,3,9,45,11180
1,24.0,7,13,40,14000
1,28.0,7,17,54,11000
2,53.0,2,5,56,3000
2,48.0,2,6,36,5160
1,30.0,4,12,38,6000
1,41.0,4,11,24,11500
1,26.0,3,9,40,6450
1,59.0,3,9,84,6020
1,36.0,7,17,37,15050
2,51.0,7,17,25,24000
2,56.0,3,9,13,2580
1,24.0,4,12,60,22790
1,26.0,4,12,47,21500
1,26.0,7,16,24,6450
1,31.0,7,16,40,10750
2,63.0,2,6,42,6020
1,26.0,7,17,48,10750
2,35.0,7,15,36,12900
1,22.0,3,8,54,11610
1,33.0,3,9,42,3440
1,18.0,3,9,40,8600
2,45.0,3,9,48,6000
2,33.0,4,12,15,1290
1,25.0,4,12,53,9460
2,28.0,8,18,40,14000
1,32.0,7,16,48,7697
1,60.0,3,9,48,8600
2,64.0,2,6,60,5160
1,38.0,4,12,61,17200
1,42.0,3,9,67,15000
2,27.0,4,12,56,6020
2,19.0,4,12,25,2150
2,24.0,4,12,40,7310
2,61.0,2,6,39,1720
1,28.0,3,9,48,13330
1,19.0,3,9,48,10320
1,60.0,3,9,15,7740
2,65.0,7,17,40,14000
1,24.0,7,16,60,6880
1,24.0,3,9,45,12040
1,46.0,3,9,48,3750
1,52.0,3,9,25,12040
2,53.0,4,12,54,4300
1,19.0,4,11,8,4300
2,35.0,4,12,45,6000
1,50.0,4,12,55,21500
1,52.0,7,16,40,8600
1,43.0,7,17,40,12900
2,36.0,2,6,25,5000
1,55.0,3,9,48,9890
2,55.0,3,9,49,4300
1,19.0,3,9,30,6450
2,46.0,3,9,50,7310
2,32.0,2,2,48,8000
2,31.0,4,12,40,4300
2,36.0,2,6,54,7740
1,23.0,4,12,27,1548
1,39.0,7,16,30,6450
2,63.0,5,11,35,12000
2,36.0,7,17,57,15000
1,26.0,3,9,30,5160
2,35.0,4,12,42,7740
2,36.0,4,12,6,1935
2,36.0,3,9,27,2580
1,20.0,3,9,72,8000
2,24.0,3,9,48,6450
2,30.0,3,9,42,12900
1,50.0,7,16,45,15000
2,26.0,3,9,40,5160
1,23.0,3,9,52,24000
1,49.0,4,12,48,15050
1,19.0,4,12,48,10320
2,37.0,4,10,60,5200
1,18.0,3,9,36,6020
1,24.0,3,9,35,12040
2,29.0,3,9,45,12255
1,61.0,7,16,48,14000
1,33.0,2,6,47,6450
1,45.0,7,17,30,3440
2,51.0,3,9,60,7740
1,29.0,3,9,48,9030
1,25.0,7,16,40,12200
2,29.0,3,9,25,6450
1,23.0,4,12,16,3440
1,38.0,2,6,50,12900
1,19.0,4,12,48,9460
2,27.0,7,17,32,11000
2,49.0,9,20,40,30000
1,54.0,3,9,45,10750
2,45.0,6,15,32,16000
2,34.0,2,1,54,7740
1,59.0,2,6,42,1000
1,29.0,7,15,57,10000
1,65.0,3,9,15,3870
2,41.0,2,6,28,1200
1,26.0,7,15,24,17200
1,63.0,2,4,42,4300
1,26.0,4,11,40,12040
2,31.0,7,16,45,17000
2,50.0,7,17,24,16000
2,23.0,4,12,18,8600
2,38.0,2,6,42,1505
1,25.0,4,11,52,8600
2,26.0,3,9,32,5160
1,40.0,2,1,28,8600
2,58.0,3,9,60,6450
2,19.0,4,12,55,5160
1,23.0,7,17,40,13600
2,37.0,3,9,40,9460
1,49.0,7,17,40,21500
1,31.0,2,4,24,3225
2,22.0,4,12,54,5160
2,50.0,2,6,21,2150
1,39.0,3,9,45,12900
1,21.0,4,12,55,15050
1,24.0,4,12,48,15050
1,50.0,2,6,30,10750
1,39.0,7,16,32,12000
2,32.0,3,9,36,5000
2,65.0,6,11,36,1935
1,41.0,4,12,36,12000
2,36.0,4,12,48,7740
2,55.0,7,17,24,24000
1,30.0,4,11,48,16000
1,38.0,4,12,50,16000
1,21.0,4,12,25,8600
1,35.0,2,4,50,17200
1,56.0,3,9,48,8385
2,57.0,3,9,15,4515
1,18.0,4,12,66,11180
1,64.0,2,6,45,9460
2,31.0,7,17,47,12000
1,43.0,3,8,56,15050
1,34.0,4,12,56,7740
2,32.0,6,15,6,2150
1,27.0,7,16,36,12900
2,51.0,0,0,24,2064
2,49.0,3,9,12,6450
1,44.0,4,12,46,7740
2,39.0,0,0,91,6000
1,33.0,2,6,48,8600
2,41.0,3,9,18,1548
2,58.0,4,12,44,31500
1,48.0,7,16,54,5160
2,41.0,3,9,10,2150
2,43.0,3,9,56,6020
1,60.0,6,9,56,2500
2,63.0,0,0,48,7740
1,65.0,3,9,35,12040
1,48.0,6,12,54,8600
1,26.0,3,9,48,7740
1,30.0,3,9,53,10320
1,37.0,4,12,36,12000
1,52.0,4,12,40,10000
1,23.0,3,9,48,8428
2,43.0,7,16,25,16000
1,63.0,3,9,40,10750
1,23.0,3,9,90,10320
2,40.0,2,6,18,4730
2,57.0,4,12,24,12000
1,32.0,4,11,70,15050
1,51.0,7,17,54,8000
1,22.0,3,9,70,9030
2,55.0,2,4,40,6000
1,28.0,3,9,56,6450
1,56.0,7,17,66,16000
2,47.0,4,12,48,4000
2,49.0,2,6,46,10062
2,49.0,7,17,40,18000
2,30.0,7,16,40,13200
1,50.0,2,6,55,8600
1,34.0,2,6,70,7740
2,41.0,3,9,20,2150
2,28.0,3,9,54,11180
1,40.0,7,16,48,13000
1,41.0,3,8,48,8400
2,34.0,4,12,55,16000
1,36.0,2,4,35,3225
2,21.0,7,14,8,5160
2,49.0,3,9,45,9890
1,55.0,3,9,48,6450
2,57.0,3,9,48,7600
2,58.0,4,12,48,4300
1,36.0,2,5,45,3870
2,29.0,4,12,60,8600
1,23.0,3,9,48,5160
2,41.0,4,12,32,16000
2,18.0,4,12,48,6450
1,19.0,3,9,60,7740
2,42.0,3,9,48,6450
1,21.0,7,14,27,8600
1,47.0,3,8,46,8600
2,37.0,3,9,16,3870
1,41.0,4,12,48,12000
1,37.0,3,9,60,6450
2,30.0,7,15,46,10000
2,27.0,4,12,40,5160
2,52.0,3,9,48,5160
1,38.0,7,17,50,10000
2,42.0,8,18,28,16000
1,32.0,3,9,40,8600
1,33.0,7,16,48,12900
1,44.0,2,6,42,10750
2,37.0,3,9,48,12040
1,47.0,3,9,48,12900
1,47.0,2,3,40,8170
1,60.0,3,9,60,26000
1,59.0,3,9,24,4000
2,33.0,4,10,6,1935
2,33.0,4,12,40,8000
2,44.0,3,9,49,1290
1,51.0,8,18,30,24000
2,27.0,7,17,23,4000
2,41.0,3,9,14,3440
1,64.0,0,0,50,8600
1,35.0,7,17,40,18000
1,41.0,7,14,36,18060
2,51.0,7,16,40,30000
2,31.0,3,9,22,7740
1,28.0,3,9,48,10750
1,45.0,7,17,40,10000
1,47.0,6,12,48,7740
2,48.0,3,9,40,14000
1,57.0,3,9,40,8600
1,56.0,4,12,40,6000
1,57.0,2,2,78,12040
1,31.0,7,13,50,9600
2,59.0,3,9,9,5160
1,26.0,7,16,56,26875
2,34.0,3,8,30,7525
1,53.0,3,8,44,15050
1,54.0,7,15,48,21500
1,25.0,4,11,54,13000
2,43.0,2,6,5,400
1,45.0,7,13,21,30000
2,59.0,3,9,48,14000
1,37.0,3,9,44,8600
1,32.0,3,9,54,25800
1,29.0,7,16,40,20000
2,40.0,4,12,70,4300
2,46.0,2,6,48,9460
2,35.0,3,9,30,6450
1,51.0,3,9,48,5160
2,44.0,3,9,24,8600
1,18.0,3,9,48,5160
2,45.0,3,9,48,25800
1,19.0,4,12,51,9030
1,53.0,3,9,9,2580
1,33.0,7,17,40,22000
2,43.0,3,9,40,10750
2,25.0,3,9,45,8600
1,55.0,6,9,45,11500
